{
  "tree_branch": {
    "ItemCategory": "Resource",
    "StackSize": 99,
    "Description": "A sturdy tree branch that can be used for crafting."
  },
  "slime_potion": {
    "ItemCategory": "Consumable",
    "AddHealth": 5,
    "AddEnergy": 32,
    "StackSize": 99,
    "Description": "It smells like medicine."
  },
  "iron_sword": {
    "ItemCategory": "Sword",
    "ItemAttack": 3,
    "ItemSpeed": 0.75, 
    "StackSize": 1,
    "Description": "Quite a rusty sword, but should be able to get the job done."
  },
  "brown_shirt": {
    "ItemCategory": "Shirt",
    "StackSize": 1,
    "Description": "A brown shirt!!"
  },
  "blue_jeans": {
    "ItemCategory": "Pants",
    "StackSize": 1,
    "Description": "Blue jeans!!"
  },
  "brown_boots": {
    "ItemCategory": "Shoes",
    "StackSize": 1,
    "Description": "Some dirty boots!!"
  }
}
